{"type": "block", "layer": 0, "block": 0, "features": [{"geom": {"pts": [[-20.517730720341206, 50.96339565701783, 18.782014846801758]], "rotateX": 0, "rotateY": 0, "rotateZ": 0, "scale": 4.81}, "model": 0}], "featureCount": 1, "startIndex": 0}